"Hwy 280 Birmingham, AL 35242"
"4719 Highway 280 South Birmingham, AL 35242"
"1759 Montgomery Hwy. South Birmingham, AL 35244"
"1800 Mcfarland Blvd. East Tuscaloosa, AL 35404"
"1204 N Main St Beebe, AR 72012"
"2315 E Parker Rd Jonesboro, AR 72404"
"1204 N Main St Searcy, AR 72143"
"9925 West Mcdowell Road Avondale, AZ 85323"
"944 S Watson Rd Buckeye, AZ 85326"
"7555 N la Cholla Blvd Casas Adobes, AZ 85741"
"2895 N Alma School Rd Chandler, AZ 85224"
"890 N 54th St Chandler, AZ 85226"
"3157 W Chandler Blvd Chandler, AZ 85226"
"9432 S Power Rd Gilbert, AZ 85212"
"1546 N Cooper Rd Gilbert, AZ 85233"
"3757 S Gilbert Rd Gilbert, AZ 85286"
"1085 S Gilbert Rd Gilbert, AZ 85296-3433"
"5849 W Northern Ave Glendale, AZ 85301"
"5880 W Thunderbird Rd Glendale, AZ 85306"
"1560 N Litchfield Rd Goodyear, AZ 85395-1372"
"6602 E Superstition Springs Blvd Mesa, AZ 85206"
"1130 W Grove Ave Mesa, AZ 85210-4941"
"16601 N 83rd Ave Peoria, AZ 85382"
"16680 N 83rd Ave Peoria, AZ 85382"
"9940 W Happy Valley Rd Peoria, AZ 85383"
"1660 E Camelback Rd Phoenix, AZ 85016-3902"
"4423 E Thomas Rd Phoenix, AZ 85018"
"2370 W Happy Valley Rd Phoenix, AZ 85027"
"3039 W Peoria Ave Phoenix, AZ 85029"
"2415 East Baseline Road Phoenix, AZ 85042"
"2470 West Happy Valley Rd Phoenix, AZ 85085"
"21172 S Ellsworth Loop Rd Queen Creek, AZ 85142"
"15425 N. Scottsdale Rd. Scottsdale, AZ 85254"
"8320 N. Hayden Rd. Scottsdale, AZ 85258"
"15035 N. Thompson Peak Parkway Scottsdale, AZ 85260"
"9301 E. Shea Blvd #f102 Scottsdale, AZ 85260"
"480 N Highway 90 Byp Sierra Vista, AZ 85635"
"13869 W Bell Rd Surprise, AZ 85374"
"2000 E. Rio Salado Parkway Tempe, AZ 85281"
"1038 S Mill Ave Tempe, AZ 85281"
"635 W Ina Rd Tucson, AZ 85704"
"235 W Wetmore Rd Tucson, AZ 85705"
"5870 E Broadway Blvd Tucson, AZ 85711"
"4774 E Grant Rd Tucson, AZ 85712"
"3055 N Campbell Ave Tucson, AZ 85719"
"905 E University Blvd Tucson, AZ 85719-5048"
"2314 South Shore Center Drive Alameda, CA 94501"
"2121 W Main St Alhambra, CA 91801-1857"
"8182 E Santa Ana Canyon Rd Anaheim, CA 92808"
"19179 Bear Valley Rd Apple Valley, CA 92308"
"860 E Alosta Ave Azusa, CA 91702"
"4950 Stockdale Hwy Bakersfield, CA 93309"
"Delaware St Berkeley, CA 94702"
"2311 Telegraph Ave Berkeley, CA 94704"
"2414 Shattuck Ave Berkeley, CA 94704"
"2504 Hill Ct Berkeley, CA 94708"
"1050 Gilman St Berkeley, CA 94710-1532"
"244 S Beverly Dr Beverly Hills, CA 90212"
"135 E Palm Ave Spc A2 Burbank, CA 91502"
"711 Lyle Ln Campbell, CA 95008"
"1815 S. Bascom Ave Campbell, CA 95008"
"19085 Golden Valley Rd Canyon Country, CA 91387"
"3369 Castro Valley Blvd Castro Valley, CA 94546-5624"
"12560 Artesia Blvd Cerritos, CA 90703"
"620 Mangrove Ave Chico, CA 95926"
"13920 City Center Dr Chino Hills, CA 91709"
"5851 Sunrise Blvd Citrus Heights, CA 95610"
"1210 Shaw Avenue Clovis, CA 93612"
"2300 Harbor Blvd Ste L1 Costa Mesa, CA 92626"
"9512 Culver Blvd Culver City, CA 90232"
"10385 S De Anza Blvd Cupertino, CA 95014-3009"
"213 Westlake Center Daly City, CA 94015"
"428 Railroad Ave Danville, CA 94526"
"227 E St Davis, CA 95616"
"8500 Firestone Blvd Downey, CA 90241"
"10348 Pangborn Ave Downey, CA 90241"
"7000 Amador Plaza Rd Dublin, CA 94568"
"7020 Amador Plaza Road Dublin, CA 94568"
"307 N Sepulveda Blvd El Segundo, CA 90245-4444"
"7440 Laguna Blvd Elk Grove, CA 95758"
"268 N El Camino Real Encinitas, CA 92024"
"16350 Ventura Blvd Encino, CA 91436"
"1282 Auto Park Way Escondido, CA 92029"
"1586 Gateway Blvd Ste B Fairfield, CA 94533"
"111 Woodmere Rd Folsom, CA 95630"
"1001 E Bidwell St Folsom, CA 95630"
"1062 Foster City Blvd Foster City, CA 94404"
"San Bruno St Fountain Valley, CA 92708"
"18951 Brookhurst St Fountain Valley, CA 92708-7305"
"5565 Auto Mall Pkwy Fremont, CA 94538"
"2760 Mowry Ave Fremont, CA 94538-1609"
"5128 N Palm Ave Fresno, CA 93704"
"501 N State College Blvd Fullerton, CA 92831"
"132 N Glendale Ave Glendale, CA 91206-4451"
"1365 E Gladstone St Glendora, CA 91740"
"5330 W Rosecrans Ave Hawthorne, CA 90250"
"24039 Park St Hayward, CA 94541"
"2465 W Florida Ave Hemet, CA 92545"
"8122 Dartmoor Dr Huntington Beach, CA 92646"
"16241 Beach Blvd Huntington Beach, CA 92647"
"3955 Irvine Blvd Irvine, CA 92602"
"4902 Irvine Center Dr Irvine, CA 92604"
"81 Fortune Dr Irvine, CA 92618-2926"
"895 Foothill Blvd La Canada Flintridge, CA 91011"
"1202 S. Idaho Street La Habra, CA 90631"
"8657 Villa La Jolla Dr La Jolla, CA 92037-2356"
"8005 Fletcher Pkwy La Mesa, CA 91942"
"8250 La Mesa Blvd La Mesa, CA 91942"
"79-174 Highway 111 La Quinta, CA 92253"
"79174 Hwy 111 Ste 101 La Quinta, CA 92253"
"27201 Eastridge Dr Lake Forest, CA 92630"
"22379 El Toro Rd Lake Forest, CA 92630"
"23645 El Toro Rd Lake Forest, CA 92630"
"5310 Lakewood Blvd Lakewood, CA 90712"
"5246 E 2nd St Long Beach, CA 90803-5329"
"1800 Ximeno Avenue Long Beach, CA 90815"
"3748 S Figueroa St Los Angeles, CA 90007-4315"
"1077 Broxton Ave Los Angeles, CA 90024"
"10634 Valparaiso St Los Angeles, CA 90034"
"110 S Fairfax Ave Los Angeles, CA 90036"
"121 N La Cienega Los Angeles, CA 90048"
"953 Manhattan Beach Blvd Manhattan Beach, CA 90266"
"1440 Hulsey Way Manteca, CA 95336"
"4718 Admiralty Way Marina Del Rey, CA 90292"
"135 S. El Camino Real Millbrae, CA 94030"
"246 Great Mall Dr Milpitas, CA 95035"
"3401 Dale Rd Modesto, CA 95356-0502"
"500 Del Monte Ctr Monterey, CA 93940"
"18555 Butterfield Blvd Morgan Hill, CA 95037"
"775 Cochrane Rd Morgan Hill, CA 95037"
"750 N Shoreline Blvd Mountain View, CA 94043"
"433 Medoc Ct Mountain View, CA 94043"
"2400 Charleston Road Mountain View, CA 94043"
"40940 California Oaks Rd Murrieta, CA 92562"
"1302 National City Blvd National City, CA 91950"
"34883 Newark Blvd Newark, CA 94560"
"34893 Newark Blvd Newark, CA 94560"
"935 Broadbeck Dr Newbury Park, CA 91320"
"1322 Bison Ave Newport Beach, CA 92660-9070"
"1409 Hamner Ave Norco, CA 92860"
"9205 Reseda Blvd Northridge, CA 91324"
"2611 Vista Way Oceanside, CA 92054"
"2202 N Tustin Ave Orange, CA 92865"
"72333 Highway 111 Palm Desert, CA 92260"
"2465 East Palm Canyon Dr Palm Springs, CA 92264"
"36646 Little Leaf Dr Palmdale, CA 93550"
"1125 W Rancho Vista Blvd Palmdale, CA 93551"
"El Camino Real Palo Alto, CA 94306"
"16600 Downey Ave Paramount, CA 90723"
"246 S. Lake Ave Pasadena, CA 91106"
"3409 E Foothill Blvd Pasadena, CA 91107"
"Delta Gateway Blvd Pittsburg, CA 94565"
"4418 Century Blvd Pittsburg, CA 94565"
"60 Crescent Dr Pleasant Hill, CA 94523"
"13495 Poway Rd Poway, CA 92064"
"Zinfandel Dr Rancho Cordova, CA 95670"
"10811 Foothill Blvd Rancho Cucamonga, CA 91730"
"11334 4th St Rancho Cucamonga, CA 91730"
"961 Dana Drive Redding, CA 96003"
"Orange Redlands, CA"
"625 Orange St Redlands, CA 92374"
"861 Middlefield Rd Redwood City, CA 94063"
"4700 Riverside Ave Riverside, CA 92506"
"3525 Riverside Plaza Dr. Riverside, CA 92506"
"3998 Douglas Blvd Roseville, CA 95661"
"781 Pleasant Grove Blvd Roseville, CA 95678"
"1136 Galleria Blvd Roseville, CA 95678"
"1151 Galleria Blvd Roseville, CA 95678-1937"
"17427 Colima Rd Rowland Heights, CA 91748"
"1831 Capitol Ave Sacramento, CA 95814"
"3215 Freeport Blvd Sacramento, CA 95818"
"3328 El Camino Avenue Sacramento, CA 95821"
"2517 Fair Oaks Blvd Sacramento, CA 95825"
"1729 Howe Ave Sacramento, CA 95825-2209"
"2520 Venture Oaks Way Sacramento, CA 95833"
"2495 Natomas Park Dr Sacramento, CA 95833-2939"
"3830 Truxel Rd Sacramento, CA 95834"
"5040 Auburn Boulevard Sacramento, CA 95841"
"1092 E Hospitality Ln San Bernardino, CA 92408"
"1135 Industrial Road San Carlos, CA 94070"
"734 University Ave San Diego, CA 92103"
"1423 Savoy Cir San Diego, CA 92107"
"1025 Camino De La Reina San Diego, CA 92108"
"1504 Garnet Ave San Diego, CA 92109"
"3680 Rosecrans St San Diego, CA 92110"
"5842 Hardy Avenue San Diego, CA 92115"
"8250 La Mesa Blvd San Diego, CA 92126-2624"
"12486 Grainwood Way San Diego, CA 92131"
"50 Post St San Francisco, CA 94104"
"126 New Montgomery St San Francisco, CA 94105"
"525 Market St San Francisco, CA 94105-2708"
"525 Market St San Francisco, CA 94105-2708"
"1751 N 1st St San Jose, CA 95112"
"1751 N 1st St San Jose, CA 95112"
"975 The Alameda San Jose, CA 95126"
"1645 Saratoga Ave San Jose, CA 95129-5111"
"589 Hyde Park Dr San Jose, CA 95136"
"853 Higuera St San Luis Obispo, CA 93401"
"5800 Northgate Mall San Rafael, CA 94903"
"2421 San Ramon Valley Blvd San Ramon, CA 94583"
"2431 San Ramon Valley Blvd San Ramon, CA 94583"
"705 S Bristol St Santa Ana, CA"
"3705 S Bristol St Santa Ana, CA 92704-7303"
"1945 E 17th St Santa Ana, CA 92705"
"723 State St Santa Barbara, CA 93101-3329"
"460 7th Ave Santa Cruz, CA 95062"
"1218 3rd Street Promenade Santa Monica, CA 90401-1308"
"1263 Simi Town Center Way Simi Valley, CA 93065"
"Soquel Dr Soquel, CA 95073"
"4940 Pacific Ave Stockton, CA 95207"
"6274 Porterfield Ct Stockton, CA 95207"
"324 W El Camino Sunnyvale, CA 94087"
"1128 Candlewood Ct Sunnyvale, CA 94089"
"40975 Margarita Rd Temecula, CA 92591-1847"
"5754 Lindero Canyon Rd Thousand Oaks, CA 91362"
"21300 Hawthorne Blvd Torrance, CA 90503"
"24631 Crenshaw Blvd Ste A Torrance, CA 90505"
"3090 Countryside Dr Turlock, CA 95380"
"13348 Newport Ave Tustin, CA 92780"
"1092 N Mountain Ave Upland, CA 91786"
"24405 Town Center Dr Valencia, CA 91355"
"28102 Newhall Ranch Rd Valencia, CA 91355"
"3542 Preble Ave Ventura, CA 93003"
"488 S Mills Rd Ventura, CA 93003"
"1145 S Victoria Ave Ventura, CA 93003"
"1145 S Victoria Ave Ventura, CA 93003"
"30 Main St Vista, CA 92083"
"1323 Willow Bud Dr Walnut, CA 91789"
"21710 Valley Blvd Walnut, CA 91789"
"1158 Locust St Walnut Creek, CA 94596-4548"
"143 N Barranca # A West Covina, CA 91791"
"775 Ikea Ct West Sacramento, CA 95605"
"5430 TOPANGA CANYON BLVD Woodland Hills, CA 91367"
"1005 Gray Ave Yuba City, CA 95991"
"5545 Wadsworth Byp Arvada, CO 80002"
"8797 N Wadsworth Pkwy Arvada, CO 80003"
"12550 W 64th Ave Arvada, CO 80004"
"1205 Havana St Aurora, CO 80010"
"3455 Salida St Aurora, CO 80011"
"13700 E Colfax Ave Aurora, CO 80011"
"4205 S Buckley Rd Aurora, CO 80013"
"12131 E Iliff Ave Aurora, CO 80014"
"15280 E Iliff Ave Aurora, CO 80014"
"20209 E Smoky Hill Rd Aurora, CO 80015"
"6710 S Cornerstar Way Aurora, CO 80016"
"24100 E Commons Ave Aurora, CO 80016"
"7489 S Norfolk Way Aurora, CO 80016"
"1650 28th St Boulder, CO 80302"
"919 Pearl St Boulder, CO 80302"
"1 Flatiron Marketplace Dr Broomfield, CO 80021"
"561 W 120th Ave Broomfield, CO 80021"
"5642 Allen Way Castle Rock, CO 80108"
"12073 E Arapahoe Rd Centennial, CO 80112-3810"
"17 S Tejon St Colorado Springs, CO 80903"
"2130 Southgate Rd Colorado Springs, CO 80906-2659"
"2130 Southgate Rd Colorado Springs, CO 80906-2659"
"2698 Centre Ln Colorado Springs, CO 80909"
"895 N Academy Blvd Colorado Springs, CO 80909"
"5079 N Academy Blvd Colorado Springs, CO 80918"
"7818 N Academy Blvd Colorado Springs, CO 80920"
"3026 New Center Pt Colorado Springs, CO 80922"
"5988 Dahlia St Commerce City, CO 80022"
"1401 Wynkoop St Denver, CO 80202"
"1543 Wazee St Denver, CO 80202"
"1480 16th St Denver, CO 80202"
"1480 16th St Denver, CO 80202"
"1600 California S, Unit 7 Denver, CO 80202-3702"
"550 Broadway Denver, CO 80203"
"1300 Pennsylvania St Denver, CO 80203"
"745 Colorado Blvd Denver, CO 80206"
"2500 E Colfax Ave Denver, CO 80206"
"140 Steele St Denver, CO 80206"
"333 E Alameda Ave Denver, CO 80209"
"1644 E Evans Ave Denver, CO 80210"
"3600 W 32nd Ave Denver, CO 80211"
"7355 W. Colfax Denver, CO 80214"
"2760 S Colorado Blvd Denver, CO 80222"
"820 S Monaco Street Pkwy Denver, CO 80224"
"145 Union Blvd Denver, CO 80228"
"815 Thornton Parkway Denver, CO 80229"
"7350 E Hampden Ave Denver, CO 80231"
"2300 S Parker Rd Denver, CO 80231-3984"
"7400 E 29th Ave Denver, CO 80238"
"333 W Hampden Pl Englewood, CO 80110"
"7 Inverness Dr E Englewood, CO 80112"
"10320 Federal Blvd Federal Heights, CO 80260"
"649s N College Ave Fort Collins, CO 80524"
"649 S College Ave Fort Collins, CO 80524"
"2120 E. Harmony Road Fort Collins, CO 80528"
"2504 Highway 6 Grand Junction, CO 81505"
"2504 Highway 6 and 50 Grand Junction, CO 81505-7166"
"807 17th Street Greeley, CO 80631"
"8000 E Belleview Ave Greenwood Village, CO 80111-2660"
"8547 E Arapahoe Rd Greenwood Village, CO 80112"
"355 S Wadsworth Blvd Lakewood, CO 80226"
"3170 S Wadsworth Blvd Lakewood, CO 80227"
"200 Union Blvd Lakewood, CO 80228-1830"
"14255 W Colfax Ave Lakewood, CO 80401"
"5699 S Broadway Littleton, CO 80121"
"7515 S University Blvd Littleton, CO 80122"
"12512 W Ken Caryl Ave Littleton, CO 80127"
"2290 W. Wildcat Reserve Parkway Littleton, CO 80129"
"9500 Heritage Hills Cir Lone Tree, CO 80124"
"8331 Willow St Lone Tree, CO 80124"
"1708 Main St Longmont, CO 80501"
"1100 Ken Pratt Blvd Longmont, CO 80501"
"375 Mccaslin Blvd Louisville, CO 80027"
"1421 W. Eisenhower Blvd Loveland, CO 80537"
"1425 W Eisenhower Blvd Loveland, CO 80537"
"1569 Fall River Drive Loveland, CO 80538"
"18701 E Main St Parker, CO 80134"
"18320 E Cottonwood Dr Parker, CO 80138"
"3230 N Elizabeth St Pueblo, CO 81008"
"247 Rainbow Drive Silverthorne, CO 80498"
"951 E 120th Ave Thornton, CO 80233"
"5160 W 120th Ave Westminster, CO 80020"
"3294 Youngfield St Wheat Ridge, CO 80033"
"71 Post Rd Darien, CT 06820"
"140 Glastonbury Blvd Glastonbury, CT 06033"
"515 West Ave Norwalk, CT 06850"
"966 Farmington Ave West Hartford, CT 06107"
"601 F St NE Washington, DC 20002"
"40 Massachusetts Ave Ne Washington, DC 20002-4225"
"3255 M St NW Washington, DC 20007"
"2600 Connecticut Ave NW Washington, DC 20008"
"1629 Connecticut Ave NW Washington, DC 20009"
"4301 Wisconsin Ave NW Washington, DC 20016"
"1837 M St Nw Washington, DC 20036"
"1141 N Dupont Hwy Dover, DE 19901"
"400 W State Road 436 Altamonte Springs, FL 32714"
"2301 Glades Rd Boca Raton, FL 33431"
"Congress Ave Boynton Beach, FL"
"1780 N Congress Ave Boynton Beach, FL 33426"
"1608 Cortez Road Bradenton, FL 34207"
"2662 Gulf to Bay Blvd Clearwater, FL 33759-3901"
"1495 Highway 50 Clermont, FL 34711"
"1780 Stirling Rd Dania, FL 33004"
"2400 W. International Speedway Blvd Daytona Beach, FL 32114"
"520 Linton Blvd Delray Beach, FL 33444"
"129 Nw 136th Avenue Fort Lauderdale, FL 33325"
"4477 Weston Rd Fort Lauderdale, FL 33331"
"12635 S Cleveland Ave Fort Myers, FL 33907-3806"
"1432 W University Ave Gainesville, FL 32603"
"3841 Sw Archer Rd Gainesville, FL 32608"
"405 W 49th St Hialeah, FL 33012-3602"
"18461 Nw 67th Ave Hialeah, FL 33015"
"8000 Nw 154th St Hialeah, FL 33016"
"11041 Pines Blvd Hollywood, FL 33026"
"15880 Pines Blvd Hollywood, FL 33027"
"15800 Pines Blvd Hollywood, FL 33027"
"4865 Town Center Pkwy Jacksonville, FL 32246"
"3254 N John Young Pkwy Kissimmee, FL 34741"
"4315 W Lake Mary Blvd Lake Mary, FL 32746"
"3434 S Florida Ave Lakeland, FL 33803"
"6290 South Dixie Highway Miami, FL 33143"
"14776 Biscayne Blvd Miami, FL 33181"
"13612 N. Kendall Dr Miami, FL 33186"
"10149 West Colonial Drive Ocoee, FL 34761"
"Lee Vista Boulevard Orlando, FL"
"2903 E Colonial Dr Orlando, FL 32803"
"2211 S Orange Ave Orlando, FL 32806"
"1700 Sand Lake Rd Orlando, FL 32809"
"2850 S Kirkman Rd Orlando, FL 32811"
"11680 University Blvd Orlando, FL 32817"
"6607 South Semoran Boulevard Orlando, FL 32822"
"464 N Alafaya Trl Orlando, FL 32828"
"6125 Westgate Dr Orlando, FL 32835"
"4655 Pga Blvd Palm Beach Gardens, FL 33418"
"3700 Park Blvd Pinellas Park, FL 33781"
"1775 N University Dr Pompano Beach, FL 33071"
"4220 N State Road 7 Pompano Beach, FL 33073"
"1768 Sw Saint Lucie West Blvd Port St Lucie, FL 34986"
"780 4th St N Saint Petersburg, FL 33701"
"1707 South Tamiami Trail Sarasota, FL 34239"
"97 N Cattlemen Rd Sarasota, FL 34243"
"1418 66th Street North St Petersburg, FL 33710"
"1498 Apalachee Pkwy Tallahassee, FL 32301"
"1801 W Tennessee St Tallahassee, FL 32304"
"533 S. Howard Avenue Tampa, FL 33606"
"1311 N West Shore Blvd Tampa, FL 33607"
"309 N West Shore Blvd Tampa, FL 33609"
"2576 E Fowler Ave Tampa, FL 33612"
"12827 North Dale Mabry Hwy Tampa, FL 33618"
"519 Us Highway 41 Byp Venice, FL 34285"
"2380 Palm Rd West Palm Beach, FL 33406"
"1000 S State Road 7 West Palm Beach, FL 33411"
"1000 N Sr-7 West Palm Beach, FL 33411"
"3317 Daniels Road Winter Garden, FL 34787"
"525 S Orlando Ave Winter Park, FL 32789"
"5637 Red Bug Lake Rd Winter Springs, FL 32708"
"5250 Windward Pkwy Alpharetta, GA 30004"
"3424 Piedmont Rd Ne Atlanta, GA 30305"
"718 Ponce De Leon Ave Ne Atlanta, GA 30306"
"5920 Roswell Rd Ne Atlanta, GA 30328"
"2963 N Druid Hills Rd Ne Atlanta, GA 30329"
"2973 Cobb Pky SE Atlanta, GA 30339"
"Roswell Rd Ne Atlanta, GA 30342"
"123 Perimeter Ctr W Atlanta, GA 30346"
"3350 Buford Drive Buford, GA 30519"
"2040 Pleasant Hill Rd Duluth, GA 30096"
"3350 Buford Hwy Duluth, GA 30096"
"11720 Medlock Bridge Rd Duluth, GA 30097"
"860 Duluth Hwy Lawrenceville, GA 30043"
"10800 Alpharetta Hwy Roswell, GA 30076"
"201 South Clinton Iowa City, IA 52240"
"1551 Valley West Drive West Des Moines, IA 50266"
"412 S. Randall Road Algonquin, IL 60102"
"338 E Rand Rd Arlington Heights, IL 60004"
"848 N Route 59 Aurora, IL 60504"
"1480 N Orchard Rd Aurora, IL 60506"
"848 S Route 59 Aurora, IL 60540"
"396 W. Army Trail Road Bloomingdale, IL 60108"
"305 N Veterans Pkwy Bloomington, IL 61704"
"274 S. Weber Road Bolingbrook, IL 60490"
"282 S Weber Rd Bolingbrook, IL 60490"
"Green Champaign, IL"
"528 East Green Street Champaign, IL 61820"
"316 N Michigan Ave Chicago, IL 60601"
"8 E. Madison Chicago, IL 60602"
"10 S La Salle St Chicago, IL 60603-1002"
"10 E Jackson Blvd Chicago, IL 60604"
"230 W Monroe St Chicago, IL 60606"
"1166 N State St Chicago, IL 60610"
"1166 N State St Chicago, IL 60610"
"291 E Ontario St Chicago, IL 60611"
"2000 N Clybourn Ave Chicago, IL 60614"
"614 W Diversey Pkwy Chicago, IL 60614"
"2256-58 N Orchard St Chicago, IL 60614"
"6600 N Sheridan Rd Chicago, IL 60626"
"2640 N Narragansett Ave Chicago, IL 60639"
"2302 W 95th St Chicago, IL 60643"
"W 95th St Chicago, IL 60643"
"N Elston Ave Chicago, IL 60647"
"1733 N Damen Ave Chicago, IL 60647"
"3181 N Broadway St Chicago, IL 60657"
"1025 W Belmont Ave Chicago, IL 60657"
"5006 Northwest Hwy Crystal Lake, IL 60014"
"675 Deerfield Rd Deerfield, IL 60015"
"1013 W Lincoln Hwy Dekalb, IL 60115"
"201 N. Eighth Street Dundee, IL 60118"
"139 N York St Elmhurst, IL 60126"
"711 Church St Evanston, IL 60201"
"6415 N Illinois St Fairview Heights, IL 62208"
"348 Randall Rd Geneva, IL 60134"
"1441 S Randall Rd Geneva, IL 60134-4624"
"695 Roosevelt Road Glen Ellyn, IL 60137"
"2341 Willow Ln Glenview, IL 60025-7637"
"1849 Green Bay Rd Highland Park, IL 60035"
"1 So. La Grange La Grange, IL 60525"
"20505 N. Rand Road Lake Zurich, IL 60047"
"N Richmond Rd Mchenry, IL 60051"
"1401 W North Ave Melrose Park, IL 60160-1413"
"102 E Kensington Rd Mt Prospect, IL 60056"
"22 E Chicago Ave Naperville, IL 60540"
"8480 W Golf Rd Niles, IL 60714-1144"
"1111 W 22nd St Oak Brook, IL 60523"
"6230-b West 95th Street Oak Lawn, IL 60453"
"1128 Lake St Oak Park, IL 60301"
"18w050 22nd St Oakbrook Terrace, IL 60181-4403"
"15240 S La Grange Rd Orland Park, IL 60462"
"U.S. 34 Oswego, IL 60543"
"751 S Perryville Rd Rockford, IL 61108"
"1211 Golf Road Rolling Meadows, IL 60008"
"7020 Mannheim Rd Rosemont, IL 60018"
"1936 Il Route 83 Round Lake, IL 60073"
"601 N Martingale Rd Schaumburg, IL 60173-5903"
"4600 Hoffman Blvd Schaumburg, IL 60192"
"2558 W Schaumburg Rd Schaumburg, IL 60194"
"2570 W Schaumburg Rd Schaumburg, IL 60194"
"9408 Skokie Blvd Skokie, IL 60077"
"9408 Skokie Blvd Skokie, IL 60077"
"348 Randall Road South Elgin, IL 60177"
"2579 Wabash Ave Springfield, IL 62704"
"3821 E Main St St Charles, IL 60174"
"15980 Harlem Ave Tinley Park, IL 60477"
"15970 Harlem Ave Tinley Park, IL 60477"
"375 N. Milwaukee Ave. Vernon Hills, IL 60061"
"28251 Diehl Road Warrenville, IL 60555"
"940 S Waukegan Rd Waukegan, IL 60085"
"2235 Enterprise Dr Westchester, IL 60154"
"300 E Ogden Ave Westmont, IL 60559"
"811 Butterfield Rd Suite 101 Wheaton, IL 60187"
"2119 W Roosevelt Rd Wheaton, IL 60187"
"1572 West Lake Cook Road Wheeling, IL 60090"
"7173 S Kingery Hwy Willowbrook, IL 60527"
"10403 East Us 36 Avon, IN 46123"
"420 E Kirkwood Ave Bloomington, IN 47408"
"1422 Keystone Way Carmel, IN 46032"
"2679 E 146th St Carmel, IN 46033"
"2420 E 146th St Carmel, IN 46033"
"4210 W. Jefferson Blvd Fort Wayne, IN 46804"
"910 E. Coliseum Blvd Fort Wayne, IN 46805"
"1560 E 86th St Indianapolis, IN 46240"
"4625 E 96th St Indianapolis, IN 46240"
"8602 N Westfield Blvd Indianapolis, IN 46260"
"3340 W 86th St Indianapolis, IN 46268"
"1201 S Reed Rd Kokomo, IN 46902"
"1948 Southlake Mall Merrillville, IN 46410"
"5545 N. Main Street Mishawaka, IN 46545"
"3726 National Rd E Richmond, IN 47374"
"1251 N Eddy St South Bend, IN 46617"
"200 W. State Street West Lafayette, IN 47906"
"1813 Village West Pkwy Q101 Kansas City, KS 66111"
"911 Massachusetts St Lawrence, KS 66044"
"2584 Montana St Lawrence, KS 66046-4828"
"4000 W 6th St Lawrence, KS 66049"
"5065 W 119th St Leawood, KS 66209"
"12150 W 95th St Lenexa, KS 66215"
"606 N Manhattan Ave Manhattan, KS 66502-5334"
"6864 Johnson Dr Mission, KS 66202-2310"
"20080 West 153rd Street Olathe, KS 66062"
"15100 W 119th St Olathe, KS 66062"
"7098 W 91st St Overland Park, KS 66202"
"9900 College Blvd Overland Park, KS 66210"
"10721 W 90th Terrace Overland Park, KS 66214"
"7040 W 135th St Overland Park, KS 66223"
"2040 Sw Wanamaker Road Topeka, KS 66604"
"2241 N Maize Rd Wichita, KS 67205-7301"
"535 S Rock Rd Wichita, KS 67207"
"515 N Hillside St Wichita, KS 67214"
"3015 N Rock Rd Wichita, KS 67226"
"7516 Mall Rd Florence, KY 41042"
"7915 Dream St Florence, KY 41042-1801"
"525 Buttermilk Pike Ft Mitchell, KY 41017"
"345 S Limestone Lexington, KY 40508"
"Plaudit Pl Lexington, KY 40509"
"Richmond Rd Lexington, KY 40509"
"2905 Richmond Rd Lexington, KY 40509"
"2527 Wilson Rd Newport, KY 41076"
"101 Summer St Boston, MA 02110-1204"
"148 Brookline Ave Boston, MA 02215"
"1924 Beacon St Brighton, MA 02135"
"227 Alewife Brook Pkwy Cambridge, MA 02138"
"One Brattle Square Cambridge, MA 02138"
"176 Providence Hwy Dedham, MA 02026"
"1 Worcester Rd Framingham, MA 01701-5359"
"92 Derby St Hingham, MA 02043"
"287 School St Mansfield, MA 02048"
"Boston Post Rd W Marlborough, MA 01752"
"616 Fellsway Medford, MA 02155-4959"
"300 Needham St Newton Upper Falls, MA 02464"
"93 Turnpike St North Andover, MA 01845"
"1415 Boston Providence Tpke Norwood, MA 02062"
"210 Andover St Peabody, MA 01960"
"70 Newport Ave Quincy, MA 02171"
"444 Broadway Saugus, MA 01906"
"97 Boston Tpke Shrewsbury, MA 01545-3602"
"270-276 Elm St Somerville, MA 02144"
"1 Oak St Westborough, MA 01581"
"112 Commerce Way Woburn, MA 01801"
"2002 Annapolis Mall Sq. Annapolis, MD 21401"
"621 E Pratt St Baltimore, MD 21202"
"6314 York Rd Baltimore, MD 21212"
"3201 St. Paul St. Baltimore, MD 21218"
"2400 Boston St Baltimore, MD 21224-4776"
"5 Bel Air South Parkway Bel Air, MD 21014"
"7600 Old Georgetown Rd Bethesda, MD 20814"
"15500 Excelsior Drive Bowie, MD 20716"
"15500 Excelsior Drive Bowie, MD 20716"
"4771 Willard Ave Chevy Chase, MD 20815"
"8913 Woodyard Rd Clinton, MD 20735"
"7332 Baltimore Ave College Park, MD 20740"
"10300 Little Patuxent Pkwy Columbia, MD 21044-3341"
"6181 Old Dobbin Ln Ste 100 Columbia, MD 21045"
"5223 Buckeystown Pike Frederick, MD 21704"
"564 N Frederick Ave Gaithersburg, MD 20877-2504"
"100 Main St Gaithersburg, MD 20878-5573"
"2503 Brandermill Blvd Gambrills, MD 21054"
"5506 Cherrywood Lane Greenbelt, MD 20770"
"18003 Garland Groh Blvd Hagerstown, MD 21740"
"7049 Arundel Mills Blvd Hanover, MD 21076"
"112 Shawan Road Hunt Valley, MD 21031"
"10526 Connecticut Ave Kensington, MD 20895"
"14354 Baltimore Ave Laurel, MD 20707"
"1830 York Rd Lutherville Timonium, MD 21093-5174"
"14925 Shady Grove Rd Rockville, MD 20850-7729"
"865-b Rockville Pike Rockville, MD 20851"
"1998 Rockville Pike Rockville, MD 20852"
"11830 Rockville Pike Rockville, MD 20852"
"1012 S Salisbury Blvd Salisbury, MD 21801"
"575 Ritchie Hwy Severna Park, MD 21146"
"10398 Cherry Tree Rd Silver Spring, MD 20901"
"12060 Cherry Hill Rd Silver Spring, MD 20904"
"13501 Connecticut Avenue Silver Spring, MD 20906"
"907 Ellsworth Dr Silver Spring, MD 20910"
"801 Goucher Blvd Towson, MD 21286"
"3250 Crain Hwy Waldorf, MD 20603"
"625 Baltimore Boulevard Westminster, MD"
"359 Maine Mall South Portland, ME 04106"
"235 S State St Ann Arbor, MI 48104"
"3354 Washtenaw Ave Ann Arbor, MI 48104-4204"
"3354 Washtenaw Ave Ann Arbor, MI 48104-4204"
"Coleman Rd East Lansing, MI 48823"
"539 E Grand River Ave East Lansing, MI 48823"
"3610 28th St Se Grand Rapids, MI 49512"
"5262 W Saginaw Hwy Lansing, MI 48917"
"5330 West Saginaw Highway Lansing, MI 48917"
"2611 S Rochester Rd Rochester, MI 48307"
"32824 Woodward Ave. Royal Oak, MI 48068"
"26147 Evergreen Rd Southfield, MI 48076"
"13975 Lakeside Cir Sterling Heights, MI 48313"
"3129 Crooks Rd Troy, MI 48084"
"6753 Orchard Lake Rd West Bloomfield, MI 48322-3414"
"7638 150th St W Apple Valley, MN 55124"
"7631 Jolly Ln Brooklyn Park, MN 55428"
"728 County Road 42 W Burnsville, MN 55337"
"560 W 79th St Chanhassen, MN 55317"
"3455 Coon Rapids Blvd Nw Coon Rapids, MN 55448"
"3324 Promenade Ave Eagan, MN 55121"
"3470 Washington Dr Eagan, MN 55122-1355"
"13250 Technology Dr Eden Prairie, MN 55344"
"8722 Sherwood Blf Eden Prairie, MN 55347"
"6801 York Ave S Edina, MN 55435"
"18201 Carson St Nw Elk River, MN 55330"
"1769 North Frontage Road Hastings, MN 55033"
"12509 Wayzata Blvd Hopkins, MN 55305"
"786 Mainstreet Hopkins, MN 55343"
"1851 East Madison Ave Mankato, MN 56001"
"1600 Warren St Mankato, MN 56001-4970"
"7750 Main St Maple Grove, MN 55369"
"2303 White Bear Ave N Maplewood, MN 55109"
"50 S 6th St Minneapolis, MN 55402"
"100 S 5th St Minneapolis, MN 55402"
"1000 Nicollet Mall Minneapolis, MN 55403"
"1040 Nicollet Mall Minneapolis, MN 55403"
"2600 E Hennepin Ave Minneapolis, MN 55413"
"800 Washington Ave Se Minneapolis, MN 55414"
"225 Hennepin Ave E Minneapolis, MN 55414-1013"
"3040 Excelsior Blvd Minneapolis, MN 55416-4662"
"5428 Morgan Ave S Minneapolis, MN 55419"
"2701 39th Ave. N.e. Suite 128 Minneapolis, MN 55421"
"322 S Avenue Minneapolis, MN 55425"
"515 Winnetka Avenue North Minneapolis, MN 55427"
"5608 W Broadway Avenue Minneapolis, MN 55428"
"10629 France Ave South Minneapolis, MN 55431"
"599 Northtown Dr NE Minneapolis, MN 55434"
"3455 River Rapids Dr. Minneapolis, MN 55448"
"10450 Baltimore Street Ne Minneapolis, MN 55449"
"229 Cedar Ave S Minneapolis, MN 55454"
"13315 60th St N Oak Park Heights, MN 55082"
"9881 Maple Grove Prkwy N. Osseo, MN 55369"
"3425 Vicksburg Ln N Plymouth, MN 55447"
"7644 Lyndale Ave S Richfield, MN 55423"
"3780 Marketplace Dr NW Rochester, MN 55901"
"1201 S Broadway Rochester, MN 55904"
"3959 2nd St S Saint Cloud, MN 56301-3792"
"29 W 5th St Saint Paul, MN 55102"
"867 Grand Ave Saint Paul, MN 55105"
"2082 Ford Pkwy Saint Paul, MN 55116"
"8094 Old Carriage Court North Shakopee, MN 55379"
"498 Appleblossom Ln Shakopee, MN 55379"
"5480 Excelsior Blvd St Louis Park, MN 55416"
"860 Rosedale Center Plaza St Paul, MN 55113"
"925 East County Rd E St Paul, MN 55127"
"1313 Wayzata Blvd. Wayzata, MN 55391"
"1857 S Robert St West Saint Paul, MN 55118"
"7455 Currell Blvd Woodbury, MN 55125"
"9965 Hudson Rd Woodbury, MN 55125"
"15836 Manchester Rd Ballwin, MO 63011"
"1115 Ne Coronado Blue Springs, MO 64014"
"1676 Clarkson Rd Chesterfield, MO 63017"
"2540 Broadway Bluffs Dr Columbia, MO 65201"
"306 S 9th St Columbia, MO 65201-5001"
"18880 Valley View Pkwy Independence, MO 64055"
"1400 Missouri Blvd Jefferson City, MO 65109"
"1370 Walnut St Kansas City, MO 64105"
"1713 W 39th St Kansas City, MO 64111"
"4851 Main St Kansas City, MO 64112"
"501 W 75th St Kansas City, MO 64113"
"203 Ne Englewood Rd Kansas City, MO 64118"
"13127 State Line Road Kansas City, MO 64145"
"8600 N Boardwalk Ave Kansas City, MO 64154"
"8700 Ne Flintlock Rd Kansas City, MO 64157"
"1715 NW Chipman Rd Lees Summit, MO 64081"
"112 Laura K Dr O Fallon, MO 63366"
"2028 Hwy. K Suite 112 O Fallon, MO 63366"
"1211 East St. Louis Street Springfield, MO 65802"
"3356 South Campbell Ave Springfield, MO 65807"
"5107 N Belt Hwy St Joseph, MO 64506"
"1 North Central St Louis, MO 63105"
"1255 South Kirkwood Rd St Louis, MO 63122"
"6316 Delmar St Louis, MO 63130"
"6310 Delmar Blvd St Louis, MO 63130"
"Delmar Blvd St Louis, MO 63130"
"11485 Olive Blvd. St Louis, MO 63141"
"4323 Leisure Time Dr Diamondhead, MS 39525"
"100 Wrenn Drive Cary, NC 27511"
"301 W. Franklin St. Chapel Hill, NC 27516"
"2109 South Blvd. Charlotte, NC 28203"
"2921 Providence Road Charlotte, NC 28211"
"7724 Pineville Matthews Rd Charlotte, NC 28226"
"2608 Erwin Rd. Durham, NC 27705"
"5402 Sapp Road Greensboro, NC 27407"
"1420 Westover Terrace Greensboro, NC 27408"
"1909 Matthews Township Pkwy. Matthews, NC 28105"
"6102 Falls Of Neuse Rd Raleigh, NC 27609-3528"
"6602 Glenwood Ave Raleigh, NC 27612-7136"
"128 Hanes Mall Circle Winston Salem, NC 27103"
"10403 South 15th Street Bellevue, NE 68123"
"232 N 13th St Lincoln, NE 68508-1504"
"2801 Pine Lake Rd Lincoln, NE 68516"
"2801 Pine Lake Rd Lincoln, NE 68516"
"13203 West Center Road Omaha, NE 68114"
"201 N 72nd St Omaha, NE 68114"
"3605 N 147th St Omaha, NE 68116-8232"
"45 Gosling Rd Newington, NH 03801-2835"
"640 Commons Way Bridgewater, NJ 08807"
"749 Bloomfield Ave Caldwell, NJ 07006"
"818 Haddonfield Rd Cherry Hill, NJ 08002"
"380 Route 3 West Clifton, NJ 07015"
"368 State Route 10 East Hanover, NJ 07936"
"186 State Route 35 Eatontown, NJ 07724"
"225 River Rd Edgewater, NJ 07020-1004"
"55 Parsonage Rd Edison, NJ 08837"
"7th St Jersey City, NJ 07302"
"400 W Route 38 Moorestown, NJ 08057-3219"
"120 S Pond Dr Mount Laurel, NJ 08054"
"524 Shoppes Blvd North Brunswick, NJ 08902"
"81 E State Rt 4 Paramus, NJ 07652"
"700 Plaza Dr Secaucus, NJ 07094-3604"
"101 Us Highway 22 Springfield, NJ 07081"
"1311 W Sunset Rd Henderson, NV 89014"
"10251 S Eastern Ave Henderson, NV 89052"
"1398 W Sunset Rd Henderson, NV 89104"
"2540 S Decatur Blvd Las Vegas, NV 89102"
"3475 Las Vegas Blvd S Las Vegas, NV 89109"
"7340 Arroyo Crossing Pkwy Las Vegas, NV 89113"
"9240 W Sahara Ave Las Vegas, NV 89117"
"4530 S Maryland Pky Las Vegas, NV 89119"
"7370 S. Las Vegas Blvd Las Vegas, NV 89123"
"7175 W. Lake Mead Las Vegas, NV 89128"
"7150 N. Durango Las Vegas, NV 89149"
"2546 E Craig Rd North Las Vegas, NV 89030"
"1475 Western Ave Albany, NY 12203"
"185 Montague St Brooklyn, NY 11201"
"1717 Walden Ave Buffalo, NY 14225"
"135 Old Country Rd Carle Place, NY 11514"
"22 Clifton Country Rd Clifton Park, NY 12065"
"The Arches Cir Deer Park, NY 11729"
"215 N Broadway Hicksville, NY 11801"
"332 Fluvanna Ave Jamestown, NY 14701"
"2 Wade Rd Latham, NY 12110"
"435 Walt Whitman Rd Melville, NY 11747"
"304 W 34th St New York, NY 10001"
"283 7th Ave New York, NY 10001"
"19 Saint Marks Pl New York, NY 10003"
"864 Broadway New York, NY 10003"
"55 E 8th St New York, NY 10003"
"2 Broadway New York, NY 10004"
"680 6th Ave New York, NY 10010"
"125 E 23rd St New York, NY 10010"
"510 Avenue Of The Americas New York, NY 10011"
"149 8th Ave New York, NY 10011-5107"
"71 Gansevoort St New York, NY 10014"
"200 Varick St New York, NY 10014"
"274 Madison Ave New York, NY 10016"
"464 Park Avenue South New York, NY 10016"
"501 Fashion Ave New York, NY 10018-5903"
"854 8th Avenue New York, NY 10019"
"1221 Avenue Of The Americas New York, NY 10020"
"129 W 48th St New York, NY 10020-1002"
"150 E 52nd St New York, NY 10022"
"320 Park Ave New York, NY 10022"
"269 Amsterdam Ave New York, NY 10023"
"2841 Broadway New York, NY 10025"
"620 9th Ave New York, NY 10036"
"25 W 45th St New York, NY 10036"
"9 W 42nd St New York, NY 10036"
"129 W 48th St New York, NY 10036"
"101 Fulton St New York, NY 10038"
"100 Maiden Ln New York, NY 10038-4818"
"350 5th Ave Ste 4-5 New York, NY 10118"
"13 City Hall Pl Plattsburgh, NY 12901"
"Jefferson Rd Rochester, NY 14623"
"3057 Route 50 Saratoga Springs, NY 12866"
"3 Simmons Plz Saugerties, NY 12477"
"1166 Hempstead Tpke Uniondale, NY 11553"
"825 W. Market St. Akron, OH 44303"
"475 Gridley St Akron, OH 44306"
"790 Arlington Rdg Akron, OH 44312"
"3890 Medina Rd Akron, OH 44333"
"901 N Leavitt Rd Amherst, OH 44001"
"41 S Court St Athens, OH 45701"
"35925 Detroit Rd, Suite 115 Avon, OH 44011"
"4015 Richmond Rd Beachwood, OH 44122"
"1558 East Wooster St Bowling Green, OH 43402"
"5097 Dressler Rd NW Canton, OH 44718-2517"
"1472 N Main St Canton, OH 44720"
"1290 N Bridge St Chillicothe, OH 45601"
"522 Vine St Cincinnati, OH 45202"
"3725 Paxton Ave Cincinnati, OH 45209"
"4402 Montgomery Rd Cincinnati, OH 45212"
"2507 W Clifton Ave Cincinnati, OH 45219"
"258 Stetson St Cincinnati, OH 45219"
"8375 Winton Rd Cincinnati, OH 45231"
"7875 Montgomery Rd Cincinnati, OH 45236"
"6699 Montgomery Rd Cincinnati, OH 45236"
"8154 Montgomery Rd Cincinnati, OH 45236"
"5555 Glenway Ave Cincinnati, OH 45238-3445"
"350 CINCINNATI MILLS DR Cincinnati, OH 45240"
"11257 Reed Hartman Hwy Cincinnati, OH 45241"
"Georgetown Rd Cincinnati, OH 45242"
"Cunningham Rd Cincinnati, OH 45243"
"4397 GLEN ESTE WITHAMSVILLE RD Cincinnati, OH 45245"
"9430 Colerain Ave Cincinnati, OH 45251"
"900 Delhi Pike Cincinnati, OH 45255"
"444 Ohio Pike Cincinnati, OH 45255"
"3471 Steelyard Dr Cleveland, OH 44109"
"13593 Cedar Rd Cleveland, OH 44118"
"6717 Eastgate Dr Cleveland, OH 44124"
"9761 Vista Way Cleveland, OH 44125"
"21029 Center Ridge Rd Cleveland, OH 44126"
"17999 Bagley Rd Cleveland, OH 44130"
"10325 Cascade Crossing Cleveland, OH 44144"
"2783 Euclid Heights Blvd Cleveland Heights, OH 44106"
"1726 N. High Street Columbus, OH 43201"
"2484 East Main St Columbus, OH 43209"
"1298 W. 5th Ave Columbus, OH 43212"
"6815 E. Broad Columbus, OH 43213"
"4489 N. High Street Columbus, OH 43214"
"488 S. High St Columbus, OH 43215"
"401 N Front St Columbus, OH 43215-2228"
"4034 Townsfair Way Columbus, OH 43219"
"3090 Kingsdale Ctr Columbus, OH 43221"
"1779 Kingsdale Center Columbus, OH 43221"
"1528 Georgesville Road Columbus, OH 43228"
"1960 East Dublin-granville Rd Columbus, OH 43229"
"4750 Morse Road Columbus, OH 43230"
"6590 Sawmill Rd Columbus, OH 43235"
"6590 Sawmill Rd Columbus, OH 43235"
"1140 Polaris Pkwy Columbus, OH 43240"
"371 Howe Ave Cuyahoga Falls, OH 44221"
"1211 Brown St Dayton, OH 45409"
"6759 Miller Lane Dayton, OH 45414"
"7767 Troy Pike Dayton, OH 45424"
"3910 Far Hills Rd Dayton, OH 45429"
"4329 Far Hills Ave Dayton, OH 45429"
"3286 New Germany-trebein Rd Dayton, OH 45431"
"4473 Walnut Street Dayton, OH 45440"
"6000 Wilmington Pike Dayton, OH 45459"
"6079 Parkcenter Circle Dublin, OH 43017"
"Perimeter Loop Rd Dublin, OH 43017"
"1615 W River Rd N Elyria, OH 44035"
"15067 Us Route 224 Findlay, OH 45840"
"1671 Stringtown Road Grove City, OH 43123"
"3335 Princeton Rd Hamilton, OH 45011"
"589 Ring Rd Harrison, OH 45030"
"515 Hebron Rd Heath, OH 43056"
"3670 Fishinger Blvd Hilliard, OH 43026"
"1835 Hilliard Rome Rd Hilliard, OH 43026"
"6658 Airport Hwy. Holland, OH 43528"
"5 Atterbury Blvd Hudson, OH 44236"
"6901 Rockside Rd Independence, OH 44131"
"12478 Us Highway 35 Nw Jeffersonville, OH 43128"
"429 E Main St Kent, OH 44240"
"14881 Detroit Avenue Lakewood, OH 44107"
"17999 Detroit Ave Lakewood, OH 44107"
"1608 N Memorial Dr Lancaster, OH 43130"
"24369 Cedar Rd Lyndhurst, OH 44124"
"764 Springmill St Mansfield, OH 44903-1137"
"9540 S Mason Montgomery Rd Mason, OH 45040"
"1385 Conant Street Maumee, OH 43537"
"899 N Court St Medina, OH 44256"
"7851 Reynolds Rd Mentor, OH 44060"
"9188 Mentor Ave Mentor, OH 44060"
"Romar Dr Milford, OH 45150"
"1292 N 21st St Newark, OH 43055"
"26420 Great Northern Shop Ctr North Olmsted, OH 44070"
"8195 GOLDEN LINK BLVD Northfield, OH 44067"
"7707 W Ridgewood Dr Parma, OH 44129"
"9733 Sawmill Pkwy Powell, OH 43065"
"8695 Owenfield Dr Powell, OH 43065"
"7611 Farmsbury Dr Reynoldsburg, OH 43068"
"6316 Tussing Rd. Reynoldsburg, OH 43068"
"33599 Aurora Rd Solon, OH 44139"
"5 Greenwood Ln Springboro, OH 45066-3034"
"11449 Princeton Pike Springdale, OH 45246"
"1930 Bechtle Ave Springfield, OH 45504"
"4338 Kent Rd Stow, OH 44224"
"9754 State Route 14 Streetsboro, OH 44241"
"15029 Pearl Rd Strongsville, OH 44136"
"500 Southpark Center Strongsville, OH 44136"
"3305 W Central Ave Toledo, OH 43606"
"935 Woodstock Ave Toledo, OH 43607"
"1339 Brookview Dr Toledo, OH 43615"
"7229 W Central Ave Toledo, OH 43617"
"1934 W Main St Troy, OH 45373"
"1922 Niles Cortland Rd Se Warren, OH 44484"
"1051 MIAMISBURG CENTERVILLE RD Washington Township, OH 45459"
"1053 MIAMISBURG CENTERVILLE RD Washington Township, OH 45459"
"7717 Voice of America Dr West Chester, OH 45069"
"9324 Union Centre Blvd West Chester, OH 45069"
"641 S. State Street Westerville, OH 43081"
"63 Maxtown Rd Westerville, OH 43082"
"600 N Cleveland Ave Westerville, OH 43082"
"135 Market Street Westlake, OH 44145"
"36200 Euclid Avenue Willoughby, OH 44094"
"4124 Burbank Rd Wooster, OH 44691-9077"
"525 Boardman Poland Rd Youngstown, OH 44512"
"3581 Maple Ave Zanesville, OH 43701"
"1569 S. Broadway Edmond, OK 73013"
"765 Asp Ave Norman, OK 73069"
"415 East Hall Of Fame Avenue Stillwater, OK 74075"
"1623 E 15th St Tulsa, OK 74120"
"10902 E.71st St. Tulsa, OK 74133"
"3380 Sw Cedar Hills Blvd Beaverton, OR 97005"
"460 Coburg Rd Eugene, OR 97401"
"12130 Se 82nd Ave Happy Valley, OR 97086"
"2048 Nw Stucki Ave Hillsboro, OR 97124"
"240 Sw Yamhill Portland, OR 97204"
"1948 Sw Broadway Portland, OR 97207"
"1201 Nw Lovejoy St Portland, OR 97209"
"13480 Sw 63rd Ave Portland, OR 97219"
"9120 Sw Hall Blvd. Portland, OR 97223"
"710 Ne Weidler St Portland, OR 97232"
"704 Ne Weidler St Portland, OR 97232"
"7003 Sw Nyberg Street Tualatin, OR 97062"
"133 W. Lancaster Ave Ardmore, PA 19003"
"20024 Route 19 Cranberry Twp, PA 16066"
"5106 Jonestown Rd Harrisburg, PA 17112"
"500 Germantown Pike Lafayette Hill, PA 19444"
"2000 Lincoln Ave Latrobe, PA 15650"
"30 Airport Square North Wales, PA 19454"
"3925 Walnut St Philadelphia, PA 19104"
"4040 City Ave Philadelphia, PA 19131"
"4030 City Ave Philadelphia, PA 19131"
"4800 Baum Blvd Pittsburgh, PA 15213"
"3619 Forbes Ave Pittsburgh, PA 15213"
"3615 Forbes Ave Pittsburgh, PA 15213"
"509 Clairton Blvd Pittsburgh, PA 15236"
"4861 Mcknight Road Pittsburgh, PA 15237"
"300 Mcholme Drive Pittsburgh, PA 15275"
"500 W. Germantown Pike Plymouth Meeting, PA 19462"
"2733 Papermill Rd Reading, PA 19610"
"116 Heister St State College, PA 16801"
"1515 Main Street Warrington, PA 18976"
"1513 Main St Warrington, PA 18976"
"101 Turner Lane West Chester, PA 19380"
"2618 Moreland Road Willow Grove, PA 19090"
"87 Hillside Rd Cranston, RI 02920"
"969 Bald Hill Road Warwick, RI 02886"
"4840 Forest Dr Columbia, SC 29206-4805"
"4 Market Point Dr, Suite C Greenville, SC 29607"
"269 Franklin Rd Brentwood, TN 37027"
"430 Cool Springs Blvd Franklin, TN 37067"
"2825 West End Ave Nashville, TN 37203"
"3900 Hillsboro Pike Nashville, TN 37215-2724"
"3771 Belt Line Rd Addison, TX 75001"
"611 Willow Oak Dr Allen, TX 75002"
"800 N Watters Rd Allen, TX 75013"
"103 Central Expy S Allen, TX 75013"
"2151 N Collins St Arlington, TX 76011"
"1390 S Cooper St Arlington, TX 76013"
"5001 S Cooper St Arlington, TX 76017"
"801 Congress Ave Austin, TX 78701-2425"
"2230 Guadalupe St Austin, TX 78705"
"11301 Lakeline Blvd Austin, TX 78717"
"1201 Barbara Jordan Blvd. Austin, TX 78723"
"1700 Parmer Ln W Austin, TX 78727"
"6301 W. Parmer Lane Austin, TX 78729"
"5400 Brodie Lane Austin, TX 78745"
"610 W Stassney Ln Austin, TX 78745-3133"
"3300 Bee Cave Rd Austin, TX 78746"
"9600 S. I-35 Austin, TX 78748"
"4400 N Lamar Blvd Austin, TX 78756"
"2700 W Anderson Ln Austin, TX 78757-1132"
"10515 North Mopac Expressway Austin, TX 78759"
"8140 N Mo Pac Expy Austin, TX 78759"
"1505 University Dr E College Station, TX 77840"
"815 University Dr College Station, TX 77840-1431"
"104 S Denton Tap Rd Coppell, TX 75019"
"208 N Market St Dallas, TX 75202"
"2705 McKinney Ave Dallas, TX 75204"
"4502 Mc Kinney Ave Dallas, TX 75205"
"7700 N Central Expy Dallas, TX 75206"
"4330 Lemmon Ave Dallas, TX 75219"
"8301 Westchester Dr Dallas, TX 75225"
"Highland Rd Dallas, TX 75228"
"11930 Preston Rd Dallas, TX 75230-6166"
"11419 Ferrell Dr Dallas, TX 75234"
"11613 N Central Expy Dallas, TX 75243"
"290 S Belt Line Rd Dallas, TX 75253"
"5290 Belt Line Rd Dallas, TX 75254-7512"
"4912 Haverwood Ln Dallas, TX 75287"
"3950 Rosemeade Pkwy Dallas, TX 75287"
"1800 S Loop 288 Denton, TX 76205"
"6100 Long Prairie Rd Flower Mound, TX 75028"
"4484 Bryant Irvin Road Fort Worth, TX 76102"
"3000 West 7th Street Fort Worth, TX 76107"
"3050 S Hulen St Fort Worth, TX 76109"
"Riveroad Ct Fort Worth, TX 76116"
"7030 Baker Blvd Fort Worth, TX 76118"
"6329 Sunnybrook Dr Fort Worth, TX 76148"
"3401 Preston Rd Frisco, TX 75034-9450"
"4170 Lavon Dr Garland, TX 75040"
"900 N Austin Ave Georgetown, TX 78626"
"201 E Central Texas Expy Harker Heights, TX 76548"
"909 Texas Houston, TX 77002"
"5600 Kirby Dr Houston, TX 77005"
"2027 S Shepherd Dr Ste A Houston, TX 77019"
"8505 S Main St Houston, TX 77025-2702"
"3819 Richmond Ave Houston, TX 77027"
"6600 Fannin St Spc A Houston, TX 77030"
"13768 Northwest Fwy Houston, TX 77040"
"5866 E Sam Houston Pkwy N Houston, TX 77049"
"5176 Richmond Ave Houston, TX 77056"
"1412 S Voss Rd Houston, TX 77057"
"8401 Westheimer Rd Houston, TX 77063"
"13313 Fm-1960 Rd W Houston, TX 77065"
"10905 Louetta Rd Houston, TX 77070"
"7600 Fm 1960 Rd W Houston, TX 77070"
"11805 Westheimer Rd Ste 330 Houston, TX 77077"
"11803 Westheimer Rd Houston, TX 77077-6795"
"14642 Memorial Dr Houston, TX 77079-7517"
"1260 S Fry Rd Houston, TX 77084"
"10035 Fm 1960 Bypass West Humble, TX 77338"
"Fm 1960 Rd E Humble, TX 77346"
"1316 W Pipeline Rd Hurst, TX 76053"
"118 E. John Carpenter Fwy Irving, TX 75062"
"2800 N Belt Line Rd Irving, TX 75062"
"7717 N MacArthur Blvd Irving, TX 75063"
"2599 S Stemmons Fwy Lewisville, TX 75067"
"722 W Main St Lewisville, TX 75067"
"2811 Craig Dr Mckinney, TX 75070"
"1715 N Town East Blvd Mesquite, TX 75150"
"9127 Boulevard 26 North Richland Hills, TX 76180"
"5759 Fairmont Pkwy Pasadena, TX 77505"
"1009 N Central Expy Plano, TX 75075"
"4998 W Park Blvd Plano, TX 75093"
"4901 W Park Blvd Plano, TX 75093"
"283 W Campbell Rd Richardson, TX 75080"
"951 E Interstate 30 Rockwall, TX 75087"
"150 Sundance Pkwy Round Rock, TX 78681"
"138 Gentry St San Antonio, TX 78207"
"7322 Jones Maltsberger Rd San Antonio, TX 78209-1870"
"3928 Broadway St San Antonio, TX 78209-6312"
"438 Nw Loop 410 San Antonio, TX 78216"
"11745 W I-H 10 San Antonio, TX 78230"
"8227 State Highway 151 San Antonio, TX 78245"
"8227 Texas 151 San Antonio, TX 78245"
"11411 Bandera Road San Antonio, TX 78250"
"1201 N Loop 1604 W San Antonio, TX 78258"
"401 N L B J Dr San Marcos, TX 78666"
"14540 Forum Parkway Schertz, TX 78154"
"Oak St Schertz, TX 78154"
"875 Northcreek Dr Sherman, TX 75092"
"3010 E Southlake Blvd Southlake, TX 76092"
"9595 Six Pines Drive Spring, TX 77380"
"1201 E Loop 1604 S St Hedwig, TX 78101"
"2280 Lone Star Dr Sugar Land, TX 77479"
"3550 S General Bruce Dr Temple, TX 76504"
"1115 North Valley Mills Dr. Waco, TX 76710"
"7604 Denton Hwy Watauga, TX 76148"
"304 West Bay Area Blvd. Webster, TX 77598"
"135 North 500 West Bountiful, UT 84010"
"1011 East 2100 South Salt Lake City, UT 84106"
"6924 South Park Centre Drive Salt Lake City, UT 84121"
"2140 Nye Cir Salt Lake City, UT 84121"
"10387 South State Street Sandy, UT 84070"
"1499 Kingston Ave Alexandria, VA 22302"
"6770 Richmond Hwy Alexandria, VA 22306"
"601 King St Alexandria, VA 22314"
"5955 Kingstowne Towne Center Alexandria, VA 22315"
"2231 Crystal Dr Arlington, VA 22202"
"4300 N Wilson Blvd Arlington, VA 22203-1830"
"1735 N Lynn St Arlington, VA 22209-2013"
"N Main St Blacksburg, VA 24060"
"5747 Burke Centre Pkwy Burke, VA 22015"
"5049 Westfields Blvd Centreville, VA 20120"
"14416 Chantilly Crossing Ln Chantilly, VA 20151"
"953 Emmet Street Charlottesville, VA 22903"
"11062 Lee Hwy Fairfax, VA 22030"
"11939 Grand Commons Ave Fairfax, VA 22030"
"3051 Plank Road Fredericksburg, VA 22401"
"5420 Southpoint Plaza Way Fredericksburg, VA 22407"
"5025 Wellington Rd Gainesville, VA 20155"
"1070 Virginia Center Parkway Glen Allen, VA 23059"
"10501 W BROAD ST Glen Allen, VA 23060-6757"
"Von Schilling Dr Hampton, VA 23666"
"1615 Reservoir St Harrisonburg, VA 22801"
"1144 Elden St Herndon, VA 20170"
"13354 Franklin Farm Rd Herndon, VA 20171"
"7311 Sudley Rd Manassas, VA 20109"
"8501 Sudley Rd Manassas, VA 20109"
"9511 Liberia Ave Manassas, VA 20110"
"8280 Greensboro Dr Mc Lean, VA 22102"
"8092 Tysons Corner Center Mc Lean, VA 22102"
"13300 RITTENHOUSE DR Midlothian, VA 23112"
"11913 Freedom Dr Reston, VA 20190"
"12150 Sunset Hills Rd Reston, VA 20190-5840"
"810 W Grace St Richmond, VA 23220"
"4930 W. Broad St Richmond, VA 23230"
"4900 W Broad St Richmond, VA 23230"
"11728 W Broad St Richmond, VA 23233"
"11440 Midlothian Turnpike Richmond, VA 23235"
"9200 Stony Point Pkwy Richmond, VA 23235-1955"
"7108 Old Keene Mill Rd Springfield, VA 22150"
"Tripleseven Rd Sterling, VA 20165"
"1 Saarinen Cir Sterling, VA 20166"
"1 Saarinen Cir Sterling, VA 20166-7500"
"213 Maple Ave E Vienna, VA 22180"
"300 Constitution Dr Virginia Beach, VA 23462"
"1413 Richmond Rd Williamsburg, VA 23185"
"2012 S Pleasant Valley Rd Winchester, VA 22601"
"120 Bellview Ave Winchester, VA 22601"
"2105 Prince William Pkwy Woodbridge, VA 22192-4147"
"10503 Ne 4th St Bellevue, WA 98004"
"31827 Pacific Hwy S Federal Way, WA 98003"
"775 Nw Gilman Blvd Issaquah, WA 98027"
"512 RAMSAY WAY STE 101 Kent, WA 98032-4507"
"4120 196th St SW Lynnwood, WA 98036-6717"
"17875 Redmond Way Redmond, WA 98052"
"1501 4th Ave Seattle, WA 98101-1697"
"4231 University Way Ne Seattle, WA 98105"
"401 NE Northgate Way Seattle, WA 98125-6019"
"17250 Southcenter Parkway Seattle, WA 98188"
"915 SE 164th Ave Vancouver, WA 98683"
"111 N Mall Dr Appleton, WI 54913"
"3705 N 124th St Brookfield, WI 53005"
"15375 W Bluemound Rd Brookfield, WI 53005"
"5794 S 108th St Hales Corners, WI 53130"
"1021 Pearson Dr Hudson, WI 54016"
"8422 Old Sauk Rd Madison, WI 53562-4367"
"658 State St Madison, WI 53703"
"4628 E Washington Ave Madison, WI 53704"
"8422 Old Sauk Rd Middleton, WI 53562-4367"
"600 E Ogden Ave Milwaukee, WI 53202"
"3232 S 27th St Milwaukee, WI 53215"
"2711 N Mayfair Road Milwaukee, WI 53226"
"5720 Washington Ave Mt Pleasant, WI 53406"
"601 Kingwood St Tunnelton, WV 26444-8883"
"1508 Dell Range Blvd Cheyenne, WY 82009"
"1400 Dell Range Blvd Cheyenne, WY 82009-4826"
